{
    "criteria": {
        "requirement": {
            "trigger": "minecraft:inventory_changed",
            "conditions": {
                "player": [
                    {
                        "condition": "minecraft:inverted",
                        "term": {
                            "condition": "minecraft:entity_scores",
                            "entity": "this",
                            "scores": {
                                "tungsten.dirty": 1
                            }
                        }
                    }
                ]
            }
        }
    },
    "rewards": {
        "function": "tungsten:make_dirty"
    }
}
