[
    {
        "function": "minecraft:set_attributes",
        "modifiers": [
            {
                "attribute": "minecraft:luck",
                "id": "tungsten:chest",
                "amount": -9.094947017729282e-13,
                "operation": "add_value",
                "slot": "chest"
            }
        ],
        "replace": false
    },
    {
        "function": "minecraft:toggle_tooltips",
        "toggles": {
            "minecraft:attribute_modifiers": false
        }
    }
]
